{"loss/ae": 0.031002480716231358, "_timestamp": 1671611975, "_runtime": 78899, "_step": 40000, "fid": 134.80078264256838, "ins": 2.54742693901062, "loss/d": 0.28577324748039246, "loss/g": 3.181060552597046, "vis_image": {"_type": "image-file", "sha256": "cf8d682600e713ba4b923579b43f253c8ed1da51a4c2a7b749887a44ec85b393", "size": 625503, "path": "media/images/vis_image_40000_cf8d682600e713ba4b92.png", "format": "png", "width": 662, "height": 662}}