{"loss/ae": 0.031002480716231358, "_timestamp": 1671712748, "_runtime": 179672, "_step": 98000, "fid": 181.0677831571776, "ins": 2.4421956539154053, "loss/d": 0.023741107434034348, "loss/g": 5.65568733215332, "vis_image": {"_type": "image-file", "sha256": "afa0675d4a0869c1d19df40e02f766c9845dc66aa6048a09744fe2ec34b7b02e", "size": 589755, "path": "media/images/vis_image_98000_afa0675d4a0869c1d19d.png", "format": "png", "width": 662, "height": 662}}