{"loss/ae": 0.39714710432362843, "_timestamp": 1671530628, "_runtime": 308, "fid": 432.93585817014326, "ins": 1.660746455192566, "loss/d": 4.759909629821777, "loss/g": 2.3908536434173584, "vis_image": {"_type": "image-file", "sha256": "d16c4b7087402d44c04c37cf6840ddc6e3fac95013fa88dfd1c7de0931797a17", "size": 1165970, "path": "media/images/vis_image_3_d16c4b7087402d44c04c.png", "format": "png", "width": 662, "height": 662}, "_step": 3, "_wandb": {"runtime": 308}}