{"loss/ae": 0.39712389585483504, "_timestamp": 1671529443, "_runtime": 150, "fid": 443.9476133787906, "ins": 1.223806619644165, "loss/d": 4.786367416381836, "loss/g": 2.401977062225342, "_step": 1, "_wandb": {"runtime": 149}}