{"loss/ae": 0.05020950401822726, "_timestamp": 1671732956, "_runtime": 200643, "_step": 98000, "fid": 126.85198069139068, "ins": 2.1835145950317383, "loss/d": 0.08923330157995224, "loss/g": 12.194059371948242, "vis_image": {"_type": "image-file", "sha256": "b0f1de54f983ab2bd3006f1e4a50850b84a2ed6e2718f8444b6fa645dbf2a4c2", "size": 720073, "path": "media/images/vis_image_98000_b0f1de54f983ab2bd300.png", "format": "png", "width": 662, "height": 662}}