{"loss/ae": 0.3957971524761384, "_timestamp": 1671528052, "_runtime": 645, "fid": 392.67428788309786, "ins": 1.5471744537353516, "loss/d": 4.549566745758057, "loss/g": 2.411041021347046, "_step": 9, "_wandb": {"runtime": 646}}