{"loss/ae": 0.47769924998283386, "_timestamp": 1671529196, "_runtime": 123, "fid": 502.8578093338074, "ins": 1.1158044338226318, "loss/d": 4.778129577636719, "loss/g": 2.4030439853668213, "_step": 1, "_wandb": {"runtime": 191}}