{"loss/ae": 0.3957911629274667, "_timestamp": 1671528242, "_runtime": 122, "fid": 435.52797342572376, "ins": 1.2242006063461304, "loss/d": 4.7837114334106445, "loss/g": 2.398240089416504, "_step": 1, "_wandb": {"runtime": 122}}