{"loss/ae": 0.39579048393720606, "_timestamp": 1671528979, "_runtime": 241, "fid": 451.2271816265454, "ins": 1.635508418083191, "loss/d": 4.754380702972412, "loss/g": 2.394960880279541, "_step": 3, "_wandb": {"runtime": 242}}