{"loss/ae": 0.3957831721348935, "_timestamp": 1671528534, "_runtime": 243, "fid": 451.7056233181915, "ins": 1.629018783569336, "loss/d": 4.7544355392456055, "loss/g": 2.39493727684021, "_step": 3, "_wandb": {"runtime": 243}}