{"loss/ae": 0.3971402409924082, "_timestamp": 1671530241, "_runtime": 321, "fid": 429.1886423856346, "ins": 1.6640186309814453, "loss/d": 4.76004695892334, "loss/g": 2.3908286094665527, "_step": 3, "_wandb": {"runtime": 321}}