{"loss/ae": 0.39713791551360167, "_timestamp": 1671529817, "_runtime": 145, "fid": 442.5084665539132, "ins": 1.2121975421905518, "loss/d": 4.786440849304199, "loss/g": 2.4019951820373535, "_step": 1, "_wandb": {"runtime": 144}}